{
  "page": {
    "width_pt": 1190.52,
    "height_pt": 841.92,
    "width_mm": 420.04,
    "height_mm": 297.04
  },
  "columns_pt": [
    13.5,
    56.25,
    28.5,
    115.5,
    27.75,
    50.25,
    54.0,
    61.5,
    98.25,
    48.0,
    48.0,
    56.25,
    28.5,
    252.75,
    53.25,
    90.75
  ],
  "columns_mm": [
    4.762499999999999,
    19.84375,
    10.054166666666665,
    40.74583333333333,
    9.789583333333333,
    17.727083333333333,
    19.049999999999997,
    21.695833333333333,
    34.66041666666666,
    16.93333333333333,
    16.93333333333333,
    19.84375,
    10.054166666666665,
    89.16458333333333,
    18.785416666666666,
    32.014583333333334
  ],
  "rows_pt": [
    13.5,
    13.5,
    13.5,
    11.25,
    17.25,
    13.5,
    15.0,
    28.5,
    28.5,
    11.25,
    17.25,
    17.25,
    11.25,
    5.25,
    23.25,
    14.25,
    9.75,
    7.5,
    16.5,
    4.5,
    28.5,
    4.5,
    12.0,
    12.0,
    12.0,
    16.5,
    12.0,
    16.5,
    12.0,
    16.5,
    12.0,
    22.5,
    6.0,
    28.5,
    7.5,
    21.0,
    14.25,
    14.25,
    28.5,
    6.0,
    22.5,
    21.0,
    7.5,
    4.5,
    24.0,
    28.5,
    28.5,
    28.5,
    28.5,
    7.5,
    13.5,
    13.5
  ],
  "rows_mm": [
    4.762499999999999,
    4.762499999999999,
    4.762499999999999,
    3.96875,
    6.085416666666666,
    4.762499999999999,
    5.291666666666667,
    10.054166666666665,
    10.054166666666665,
    3.96875,
    6.085416666666666,
    6.085416666666666,
    3.96875,
    1.8520833333333333,
    8.202083333333333,
    5.027083333333333,
    3.4395833333333328,
    2.6458333333333335,
    5.820833333333333,
    1.5875,
    10.054166666666665,
    1.5875,
    4.2333333333333325,
    4.2333333333333325,
    4.2333333333333325,
    5.820833333333333,
    4.2333333333333325,
    5.820833333333333,
    4.2333333333333325,
    5.820833333333333,
    4.2333333333333325,
    7.9375,
    2.1166666666666663,
    10.054166666666665,
    2.6458333333333335,
    7.408333333333333,
    5.027083333333333,
    5.027083333333333,
    10.054166666666665,
    2.1166666666666663,
    7.9375,
    7.408333333333333,
    2.6458333333333335,
    1.5875,
    8.466666666666665,
    10.054166666666665,
    10.054166666666665,
    10.054166666666665,
    10.054166666666665,
    2.6458333333333335,
    4.762499999999999,
    4.762499999999999
  ],
  "total_content_width_pt": 1083.0,
  "total_content_height_pt": 823.5,
  "merged_cells": [
    [
      51,
      52,
      1,
      9
    ],
    [
      21,
      24,
      11,
      12
    ],
    [
      21,
      24,
      12,
      13
    ],
    [
      9,
      11,
      12,
      13
    ],
    [
      9,
      11,
      13,
      16
    ],
    [
      11,
      13,
      11,
      12
    ],
    [
      11,
      13,
      12,
      13
    ],
    [
      11,
      13,
      13,
      16
    ],
    [
      15,
      17,
      12,
      13
    ],
    [
      23,
      25,
      2,
      3
    ],
    [
      23,
      25,
      3,
      9
    ],
    [
      25,
      27,
      3,
      9
    ],
    [
      25,
      27,
      1,
      2
    ],
    [
      25,
      27,
      2,
      3
    ],
    [
      16,
      18,
      8,
      9
    ],
    [
      19,
      22,
      1,
      8
    ],
    [
      16,
      18,
      3,
      8
    ],
    [
      18,
      19,
      1,
      4
    ],
    [
      45,
      46,
      3,
      9
    ],
    [
      47,
      48,
      3,
      9
    ],
    [
      48,
      49,
      3,
      9
    ],
    [
      46,
      47,
      3,
      9
    ],
    [
      29,
      31,
      1,
      2
    ],
    [
      29,
      31,
      2,
      3
    ],
    [
      43,
      45,
      1,
      2
    ],
    [
      43,
      45,
      2,
      3
    ],
    [
      43,
      45,
      3,
      9
    ],
    [
      41,
      43,
      1,
      2
    ],
    [
      41,
      43,
      2,
      3
    ],
    [
      39,
      41,
      1,
      2
    ],
    [
      39,
      41,
      2,
      3
    ],
    [
      31,
      33,
      1,
      2
    ],
    [
      31,
      33,
      2,
      3
    ],
    [
      31,
      33,
      3,
      9
    ],
    [
      41,
      43,
      3,
      9
    ],
    [
      39,
      41,
      3,
      9
    ],
    [
      33,
      34,
      3,
      9
    ],
    [
      27,
      29,
      1,
      2
    ],
    [
      28,
      30,
      11,
      12
    ],
    [
      12,
      16,
      8,
      9
    ],
    [
      18,
      22,
      8,
      9
    ],
    [
      17,
      20,
      11,
      12
    ],
    [
      15,
      17,
      11,
      12
    ],
    [
      24,
      26,
      11,
      12
    ],
    [
      13,
      15,
      11,
      12
    ],
    [
      23,
      25,
      1,
      2
    ],
    [
      29,
      31,
      3,
      9
    ],
    [
      17,
      20,
      13,
      16
    ],
    [
      3,
      5,
      11,
      12
    ],
    [
      5,
      7,
      11,
      12
    ],
    [
      4,
      5,
      1,
      3
    ],
    [
      4,
      5,
      3,
      7
    ],
    [
      12,
      14,
      1,
      3
    ],
    [
      12,
      14,
      3,
      8
    ],
    [
      16,
      18,
      1,
      3
    ],
    [
      11,
      12,
      3,
      8
    ],
    [
      9,
      11,
      11,
      12
    ],
    [
      2,
      3,
      13,
      16
    ],
    [
      3,
      5,
      13,
      16
    ],
    [
      5,
      7,
      13,
      16
    ],
    [
      3,
      5,
      12,
      13
    ],
    [
      5,
      7,
      12,
      13
    ],
    [
      9,
      11,
      1,
      7
    ],
    [
      7,
      8,
      13,
      16
    ],
    [
      13,
      15,
      12,
      13
    ],
    [
      13,
      15,
      13,
      16
    ],
    [
      26,
      28,
      13,
      16
    ],
    [
      28,
      30,
      12,
      13
    ],
    [
      28,
      30,
      13,
      16
    ],
    [
      21,
      24,
      13,
      16
    ],
    [
      24,
      26,
      12,
      13
    ],
    [
      24,
      26,
      13,
      16
    ],
    [
      20,
      21,
      13,
      16
    ],
    [
      26,
      28,
      12,
      13
    ],
    [
      48,
      49,
      11,
      16
    ],
    [
      44,
      45,
      11,
      16
    ],
    [
      38,
      39,
      3,
      9
    ],
    [
      17,
      20,
      12,
      13
    ],
    [
      26,
      28,
      11,
      12
    ],
    [
      14,
      16,
      1,
      8
    ],
    [
      27,
      29,
      2,
      3
    ],
    [
      27,
      29,
      3,
      9
    ],
    [
      46,
      47,
      11,
      16
    ],
    [
      34,
      36,
      1,
      2
    ],
    [
      31,
      32,
      11,
      14
    ],
    [
      45,
      46,
      11,
      16
    ],
    [
      47,
      48,
      11,
      16
    ],
    [
      6,
      9,
      1,
      7
    ],
    [
      36,
      38,
      3,
      9
    ],
    [
      36,
      38,
      2,
      3
    ],
    [
      36,
      38,
      1,
      2
    ],
    [
      34,
      36,
      2,
      3
    ],
    [
      34,
      36,
      3,
      9
    ],
    [
      15,
      17,
      13,
      16
    ]
  ]
}